date	description	amount	category	account
01-09-2026	Swiggy	350	Food	UPI
02-09-2026	Amazon	1200	Shopping	UPI
03-09-2026	Metro	100	Travel	UPI
04-09-2026	Netflix	299	Entertainment	Card
05-09-2026	BigBasket	850	Groceries	UPI
06-09-2026	Swiggy	420	Food	UPI
07-09-2026	Amazon	650	Shopping	Card
08-09-2026	Uber	280	Travel	UPI
09-09-2026	Spotify	119	Entertainment	Card
10-09-2026	Reliance Fresh	920	Groceries	UPI
11-09-2026	Swiggy	300	Food	UPI
12-09-2026	Book Store	750	Education	Cash
13-09-2026	Uber	220	Travel	UPI
14-09-2026	Amazon	999	Shopping	UPI
15-09-2026	Swiggy	380	Food	UPI
16-09-2026	Netflix	299	Entertainment	Card
17-09-2026	BigBasket	680	Groceries	UPI
18-09-2026	College Fees	2500	Education	Bank
19-09-2026	Uber	310	Travel	UPI
20-09-2026	Amazon	450	Shopping	UPI
21-09-2026	Swiggy	290	Food	UPI
22-09-2026	Pharmacy	500	Health	UPI
23-09-2026	Metro	100	Travel	Cash
24-09-2026	Swiggy	450	Food	UPI
25-09-2026	Amazon	780	Shopping	Card
26-09-2026	BigBasket	760	Groceries	UPI
27-09-2026	Spotify	119	Entertainment	Card
28-09-2026	Book Store	500	Education	Cash
29-09-2026	Uber	260	Travel	UPI
30-09-2026	Swiggy	360	Food	UPI
